Job Title,Brand/Company Name (OPTIONAL),Location Address (OPTIONAL),City,ST,Zip,Date Posted(OPTIONAL),Job URL
Assistant Manager,Domino's,311 E. Green St.,Ithaca,NY,14850,,https://jobs.dominos.com/dominos-careers/job-listing/assistant-manager-03401----311-e-green-st/ithaca-ny/30267BR#
Assistant Manager,Domino's,312 E. Green St.,Ithaca,NY,14850,,https://jobs.dominos.com/dominos-careers/job-listing/assistant-manager-03403----8-court-st./cortland-ny/21908BR#
Customer Service Rep,Domino's,313 E. Green St.,Ithaca,NY,14850,,https://jobs.dominos.com/dominos-careers/job-listing/customer-service-rep-03401----311-e-green-st/ithaca-ny/30269BR#
Customer Service Rep,Domino's,314 E. Green St.,Ithaca,NY,14850,,https://jobs.dominos.com/dominos-careers/job-listing/customer-service-rep-03403----8-court-street/cortland-ny/18011BR#
Customer Service Rep,Domino's,315 E. Green St.,Ithaca,NY,14850,,https://jobs.dominos.com/dominos-careers/job-listing/customer-service-rep-03494----2104-grand-central-a/horseheads-ny/21905BR#
Delivery Driver,Domino's,316 E. Green St.,Ithaca,NY,14850,,https://jobs.dominos.com/dominos-careers/job-listing/delivery-driver-03401----311-e-green-st/ithaca-ny/30271BR#
Delivery Expert,Domino's,317 E. Green St.,Ithaca,NY,14850,,https://jobs.dominos.com/dominos-careers/job-listing/delivery-expert-03403----8-court-st./cortland-ny/21909BR#
Delivery Expert,Domino's,318 E. Green St.,Ithaca,NY,14850,,https://jobs.dominos.com/dominos-careers/job-listing/delivery-expert-03494----2104-grand-central-ave/horseheads-ny/21917BR#
General Manager,Domino's,319 E. Green St.,Ithaca,NY,14850,,https://jobs.dominos.com/dominos-careers/job-listing/general-manager-03401---311-e-green-st/ithaca-ny/30272BR#
General Manager,Domino's,320 E. Green St.,Ithaca,NY,14850,,https://jobs.dominos.com/dominos-careers/job-listing/general-manager-03403----8-court-street/cortland-ny/16923BR#
